study_id,citation_key,title,authors_bibtex,publication_year,venue,publication_status,scope_flag,canonical_url,doi,doi_url,discovery_database,search_cutoff,identifier_evidence,manuscript_anchor,record_note
S01,truong-etal-2021-covid,COVID-19 Named Entity Recognition for Vietnamese,"Truong, Thinh Hung and Dao, Mai Hoang and Nguyen, Dat Quoc",2021,Proceedings of the 2021 Conference of the North American Chapter of the Association for Computational Linguistics: Human Language Technologies,archival_peer_reviewed,core,https://aclanthology.org/2021.naacl-main.173/,10.18653/v1/2021.naacl-main.173,https://doi.org/10.18653/v1/2021.naacl-main.173,not recorded,2026-05-31,manuscript_bibliography,figures/taxonomy_mapping.tex; sample-base.bib,
S02,Duong_Trinh_Nguyen_Vu_Pham_Tuan_Son_2024,ViMedNER: A Medical Named Entity Recognition Dataset for Vietnamese,"Duong, Pham Van and Trinh, Tien-Dat and Nguyen, Minh-Tien and Vu, Huy-The and Pham, Minh Chuan and Tuan, Tran Manh and Son, Le Hoang",2024,EAI Endorsed Transactions on Industrial Networks and Intelligent Systems,archival_peer_reviewed,core,https://publications.eai.eu/index.php/inis/article/view/5221,10.4108/eetinis.v11i3.5221,https://doi.org/10.4108/eetinis.v11i3.5221,not recorded,2026-05-31,manuscript_bibliography,figures/taxonomy_mapping.tex; sample-base.bib,
S03,le2025nested,Nested Named-Entity Recognition on Vietnamese COVID-19: Dataset and Experiments,"L^e, Ngoc C. and Nguyen-Phung, Hai-Chung and Pham Thi, Thu-Huong and Vu, Hue and Nguyen Thi, Phuong-Thao and Tran, Thu-Thuy and Le Thi, Hong-Nhung and Nguyen-Thi, Thuy-Duong and Nguyen, Thanh-Huy",2025,arXiv preprint arXiv:2504.21016,preprint,core,https://arxiv.org/abs/2504.21016,10.48550/arXiv.2504.21016,https://doi.org/10.48550/arXiv.2504.21016,not recorded,2026-05-31,publisher_or_repository_page_checked,figures/taxonomy_mapping.tex; sample-base.bib,arXiv first submission is 2025-04-21; BibTeX month Jun refers to a later revision.
S04,vu_vietnamese_2022,Vietnamese Named Entity Recognition on Medical Topic,"Vu, Loi Le and Van, Duong Pham and Tien, Dong Nguyen and Minh, Tuoi Tran Thi and Minh, Tuan Dang",2022,Intelligent Systems and Networks,archival_peer_reviewed,core,https://link.springer.com/chapter/10.1007/978-981-19-3394-3_53,10.1007/978-981-19-3394-3_53,https://doi.org/10.1007/978-981-19-3394-3_53,not recorded,2026-05-31,publisher_or_repository_page_checked,figures/taxonomy_mapping.tex; sample-base.bib,
S05,le-duc-etal-2025-medical,Medical Spoken Named Entity Recognition,"Le-Duc, Khai and Thulke, David and Tran, Hung-Phong and Vo-Dang, Long and Nguyen, Khai-Nguyen and Hy, Truong-Son and Schl""uter, Ralf",2025,Proceedings of the 2025 Conference of the Nations of the Americas Chapter of the Association for Computational Linguistics: Human Language Technologies (Volume 3: Industry Track),archival_peer_reviewed,boundary,https://aclanthology.org/2025.naacl-industry.59/,10.18653/v1/2025.naacl-industry.59,https://doi.org/10.18653/v1/2025.naacl-industry.59,not recorded,2026-05-31,manuscript_bibliography,figures/taxonomy_mapping.tex; sample-base.bib,
S06,giang_relation_2021,Relation Classification Based on Vietnamese Covid-19 Information Using BERT Model with Typed Entity Markers,"Giang, Truong Minh and Hung, Phan Duy",2021,"Future Data and Security Engineering. Big Data, Security and Privacy, Smart City and Industry 4.0 Applications",archival_peer_reviewed,core,https://link.springer.com/chapter/10.1007/978-981-16-8062-5_33,10.1007/978-981-16-8062-5_33,https://doi.org/10.1007/978-981-16-8062-5_33,not recorded,2026-05-31,publisher_or_repository_page_checked,figures/taxonomy_mapping.tex; sample-base.bib,
S07,tran-tien-etal-2023-vipubmeddeberta,ViPubmedDeBERTa: A Pre-trained Model for Vietnamese Biomedical Text,"Tran-Tien, Manh and Le, Huu-Loi and Minh, Dang Nhat and Khang, T. Tran and Vu, Huy-The and Minh-Tien, Nguyen",2023,"Proceedings of the 37th Pacific Asia Conference on Language, Information and Computation",archival_peer_reviewed,core,https://aclanthology.org/2023.paclic-1.83/,,,not recorded,2026-05-31,manuscript_bibliography,figures/taxonomy_mapping.tex; sample-base.bib,
S08,Huy_2021,ViMQ: A Vietnamese Medical Question Dataset for Healthcare Dialogue System Development,"Huy, Ta Duc and Tu, Nguyen Anh and Vu, Tran Hoang and Minh, Nguyen Phuc and Phan, Nguyen and Bui, Trung H. and Truong, Steven Q. H.",2021,Neural Information Processing,archival_peer_reviewed,core,https://doi.org/10.1007/978-3-030-92310-5_76,10.1007/978-3-030-92310-5_76,https://doi.org/10.1007/978-3-030-92310-5_76,not recorded,2026-05-31,manuscript_bibliography,figures/taxonomy_mapping.tex; sample-base.bib,
S09,nguyen-etal-2022-vihealthbert,ViHealthBERT: Pre-trained Language Models for Vietnamese in Health Text Mining,"Nguyen, Minh Phuc and Tran, Vu Hoang and Hoang, Vu and Huy, Ta Duc and Bui, Trung H. and Truong, Steven Q. H.",2022,Proceedings of the 13th Language Resources and Evaluation Conference,archival_peer_reviewed,core,https://aclanthology.org/2022.lrec-1.35/,,,not recorded,2026-05-31,manuscript_bibliography,figures/taxonomy_mapping.tex; sample-base.bib,
S10,phan-etal-2023-enriching,Enriching Biomedical Knowledge for Low-resource Language Through Large-scale Translation,"Phan, Long and Dang, Tai and Tran, Hieu and Trinh, Trieu H. and Phan, Vy and Chau, Lam D. and Luong, Minh-Thang",2023,Proceedings of the 17th Conference of the European Chapter of the Association for Computational Linguistics,archival_peer_reviewed,core,https://aclanthology.org/2023.eacl-main.228/,10.18653/v1/2023.eacl-main.228,https://doi.org/10.18653/v1/2023.eacl-main.228,not recorded,2026-05-31,publisher_or_repository_page_checked,figures/taxonomy_mapping.tex; sample-base.bib,
S11,nguyen-etal-2024-vihealthnli,ViHealthNLI: A Dataset for Vietnamese Natural Language Inference in Healthcare,"Nguyen, Huyen and Ngo, Quyen The and Do, Thanh-Ha and Hoang, Tuan-Anh",2024,Proceedings of the 3rd Annual Meeting of the Special Interest Group on Under-resourced Languages @ LREC-COLING 2024,archival_peer_reviewed,core,https://aclanthology.org/2024.sigul-1.48/,,,not recorded,2026-05-31,publisher_or_repository_page_checked,figures/taxonomy_mapping.tex; sample-base.bib,ACL Anthology page has no DOI; DOI left empty.
S12,nguyen-etal-2025-sentiment,Sentiment Reasoning for Healthcare,"Nguyen, Khai-Nguyen and Le-Duc, Khai and Tat, Bach Phan and Duy, Le and Vo-Dang, Long and Hy, Truong-Son",2025,Proceedings of the 63rd Annual Meeting of the Association for Computational Linguistics (Volume 6: Industry Track),archival_peer_reviewed,boundary,https://aclanthology.org/2025.acl-industry.82/,10.18653/v1/2025.acl-industry.82,https://doi.org/10.18653/v1/2025.acl-industry.82,not recorded,2026-05-31,manuscript_bibliography,figures/taxonomy_mapping.tex; sample-base.bib,
S13,vannguyen2022newvietnamesecorpusmachine,New Vietnamese Corpus for Machine Reading Comprehension of Health News Articles,"Van Nguyen, Kiet and Van Huynh, Tin and Nguyen, Duc-Vu and Nguyen, Anh Gia-Tuan and Nguyen, Ngan Luu-Thuy",2022,ACM Trans. Asian Low-Resour. Lang. Inf. Process.,archival_peer_reviewed,core,https://doi.org/10.1145/3527631,10.1145/3527631,https://doi.org/10.1145/3527631,not recorded,2026-05-31,manuscript_bibliography,figures/taxonomy_mapping.tex; sample-base.bib,
S14,nguyen2022spbertqa,SPBERTQA: A Two-Stage Question Answering System Based on Sentence Transformers for Medical Texts,"Nguyen, Nhung Thi-Hong and Ha, Phuong Phan-Dieu and Nguyen, Luan Thanh and Nguyen, Kiet Van and Nguyen, Ngan Luu-Thuy",2022,arXiv preprint arXiv:2206.09600,preprint,core,https://arxiv.org/abs/2206.09600,10.48550/arXiv.2206.09600,https://doi.org/10.48550/arXiv.2206.09600,not recorded,2026-05-31,publisher_or_repository_page_checked,figures/taxonomy_mapping.tex; sample-base.bib,
S15,luu2021conversational,Conversational Machine Reading Comprehension for Vietnamese Healthcare Texts,"Luu, Son T. and Bui, Mao Nguyen and Nguyen, Loi Duc and Tran, Khiem Vinh and Nguyen, Kiet Van and Nguyen, Ngan Luu-Thuy",2021,International Conference on Computational Collective Intelligence,archival_peer_reviewed,core,https://doi.org/10.1007/978-3-030-88113-9_44,10.1007/978-3-030-88113-9_44,https://doi.org/10.1007/978-3-030-88113-9_44,not recorded,2026-05-31,manuscript_bibliography,figures/taxonomy_mapping.tex; sample-base.bib,
S16,nguyen2023multi,Multi-stage transfer learning with BERTology-based language models for question answering system in vietnamese,"Nguyen, Kiet Van and Do, Phong Nguyen-Thuan and Nguyen, Nhat Duy and Nguyen, Anh Gia-Tuan and Nguyen, Ngan Luu-Thuy",2023,International Journal of Machine Learning and Cybernetics,archival_peer_reviewed,core,https://doi.org/10.1007/s13042-022-01735-z,10.1007/s13042-022-01735-z,https://doi.org/10.1007/s13042-022-01735-z,not recorded,2026-05-31,manuscript_bibliography,figures/taxonomy_mapping.tex; sample-base.bib,
S17,thai-etal-2022-uit,UIT-ViCoV19QA: A Dataset for COVID-19 Community-based Question Answering on Vietnamese Language,"Thai, Triet and Chu, Ngan Ha-Thao and Vo, Anh and Luu, Son",2022,"Proceedings of the 36th Pacific Asia Conference on Language, Information and Computation",archival_peer_reviewed,core,https://aclanthology.org/2022.paclic-1.88/,,,not recorded,2026-05-31,manuscript_bibliography,figures/taxonomy_mapping.tex; sample-base.bib,
S18,nguyenphung2025viqacovid,VIQA-COVID: COVID-19 Machine Reading Comprehension Dataset for Vietnamese,"Nguyen-Phung, Hai-Chung and L^e, Ngoc C. and Nguyen, Van-Chien and Nguyen, Hang Thi and Nguyen, Thuy Phuong Thi",2025,arXiv preprint arXiv:2504.21017,preprint,core,https://arxiv.org/abs/2504.21017,10.48550/arXiv.2504.21017,https://doi.org/10.48550/arXiv.2504.21017,not recorded,2026-05-31,manuscript_bibliography,figures/taxonomy_mapping.tex; sample-base.bib,
S19,nguyen2024numerical,"Numerical reasoning reading comprehension on Vietnamese COVID-19 news: task, corpus, and challenges","Nguyen, Kiet Van and Le, Thang Viet and Do, Tinh Pham-Phuc",2024,Neural Computing and Applications,archival_peer_reviewed,core,https://doi.org/10.1007/s00521-024-09744-5,10.1007/s00521-024-09744-5,https://doi.org/10.1007/s00521-024-09744-5,not recorded,2026-05-31,manuscript_bibliography,figures/taxonomy_mapping.tex; sample-base.bib,
S20,tran2024vimedaqa,ViMedAQA: A Vietnamese Medical Abstractive Question-Answering Dataset and Findings of Large Language Model,"Tran, Minh-Nam and Nguyen, Phu-Vinh and Nguyen, Long and Dinh, Dien",2024,Proceedings of the 62nd Annual Meeting of the Association for Computational Linguistics (Volume 4: Student Research Workshop),archival_peer_reviewed,core,https://aclanthology.org/2024.acl-srw.31/,10.18653/v1/2024.acl-srw.31,https://doi.org/10.18653/v1/2024.acl-srw.31,not recorded,2026-05-31,manuscript_bibliography,figures/taxonomy_mapping.tex; sample-base.bib,
S21,nguyen2025vm14k,VM14K: First Vietnamese Medical Benchmark,"Nguyen, Thong and Nguyen, Long and Nguyen, Duc and Nguyen, Quan H. and Dang, Minh and Tran, Minh and Nguyen, Dat and Dao, Thai and Tran, Kien",2025,arXiv preprint arXiv:2506.01305v2,preprint,core,https://arxiv.org/abs/2506.01305,10.48550/arXiv.2506.01305,https://doi.org/10.48550/arXiv.2506.01305,not recorded,2026-05-31,publisher_or_repository_page_checked,figures/taxonomy_mapping.tex; sample-base.bib,
S22,nguyen2025vmhqa,VMHQA: A Vietnamese Multi-choice Dataset for Mental Health Domain Question Answering,"Nguyen, Tu Anh Hoang and Nguyen, Quang-Dieu and Nguyen, Harius M. and Nguyen, Alfred Hoang and Nguyen, Loan T. T.",2025,EAI Endorsed Transactions on Scalable Information Systems,archival_peer_reviewed,core,https://doi.org/10.4108/eetsis.7678,10.4108/eetsis.7678,https://doi.org/10.4108/eetsis.7678,not recorded,2026-05-31,manuscript_bibliography,figures/taxonomy_mapping.tex; sample-base.bib,
S23,Duong2024MedQASAM,MedQAS: A Medical Question Answering System Based on Finetuning Large Language Models,"Duong, Bao Thai and Le, Thai Hoang",2024,Future Data and Security Engineering,archival_peer_reviewed,core,https://doi.org/10.1007/978-981-96-0434-0_21,10.1007/978-981-96-0434-0_21,https://doi.org/10.1007/978-981-96-0434-0_21,not recorded,2026-05-31,manuscript_bibliography,figures/taxonomy_mapping.tex; sample-base.bib,
S24,nguyen_enhancing_2025,Enhancing Vietnamese Mental Health Question-Answering Systems: Adaptive Retrieval Augmented Generation Pipeline and Data Augmentation for Large Language Models,"Nguyen, Tu Anh Hoang and Nguyen, Quang-Dieu and Nguyen, Loan T. T.",2025,"Integrated Uncertainty in Knowledge Modelling and Decision Making: 11th International Symposium, IUKM 2025, Ho Chi Minh City, Vietnam, March 17–19, 2025, Proceedings, Part I",archival_peer_reviewed,core,https://doi.org/10.1007/978-981-96-4606-7_26,10.1007/978-981-96-4606-7_26,https://doi.org/10.1007/978-981-96-4606-7_26,not recorded,2026-05-31,manuscript_bibliography,figures/taxonomy_mapping.tex; sample-base.bib,
S25,Tuan2025HealthRAGKM,HealthRAG: Knowledge-Driven Medical QA System,"Nguyen, Manh Tuan and Tran, Ba Cuong and Le, Viet Hung and Truong, Huu Nhat and Phan, Duy Hung",2025,Intelligent Data Engineering and Automated Learning - IDEAL 2025,archival_peer_reviewed,core,https://doi.org/10.1007/978-3-032-10486-1_50,10.1007/978-3-032-10486-1_50,https://doi.org/10.1007/978-3-032-10486-1_50,not recorded,2026-05-31,manuscript_bibliography,figures/taxonomy_mapping.tex; sample-base.bib,
S26,truong-etal-2024-viherbqa,ViHerbQA: A Robust QA Model for Vietnamese Traditional Herbal Medicine,"Truong, Quyen and Nguyen, Long and Dinh, Dien",2024,"Proceedings of the 38th Pacific Asia Conference on Language, Information and Computation",archival_peer_reviewed,core,https://aclanthology.org/2024.paclic-1.45/,,,not recorded,2026-05-31,manuscript_bibliography,figures/taxonomy_mapping.tex; sample-base.bib,
S27,trinh2025vietmedkg,VietMedKG: Knowledge Graph and Benchmark for Traditional Vietnamese Medicine,"Trinh, Tam and Dao, Anh and Hy, Thi Hong Nhung and Hy, Truong Son",2025,ACM Transactions on Asian and Low-Resource Language Information Processing,archival_peer_reviewed,core,https://doi.org/10.1145/3744740,10.1145/3744740,https://doi.org/10.1145/3744740,not recorded,2026-05-31,manuscript_bibliography,figures/taxonomy_mapping.tex; sample-base.bib,
S28,nguyen2026vihermes,VIHERMES: A Graph-Grounded Multihop Question Answering Benchmark and System for Vietnamese Healthcare Regulations,"Nguyen, Long S. T. and Bui, Quan M. and Ngo, Tin T. and Vo, Quynh T. N. and Le, Dung N. H. and Quan, Tho T.",2026,arXiv preprint arXiv:2602.07361,preprint,core,https://arxiv.org/abs/2602.07361,10.48550/arXiv.2602.07361,https://doi.org/10.48550/arXiv.2602.07361,not recorded,2026-05-31,publisher_or_repository_page_checked,figures/taxonomy_mapping.tex; sample-base.bib,arXiv record says accepted at ACIIDS 2026; manuscript cites the preprint; archival version not substituted.
S29,Tam2026VietCheckMedER,VietCheckMed: Explainable Regulatory Compliance Checking for Medical Advertisements on Vietnamese Social Media,Nguyen Thanh Tam and Khanh Quoc Tran and Dat Thanh Pham and Truong Phu Le and Nguyen Hoang Gia Han and Binh Nguyen,2026,Proceedings of the AAAI Conference on Artificial Intelligence,archival_peer_reviewed,core,https://ojs.aaai.org/index.php/AAAI/article/view/37077,10.1609/aaai.v40i2.37077,https://doi.org/10.1609/aaai.v40i2.37077,not recorded,2026-05-31,publisher_or_repository_page_checked,figures/taxonomy_mapping.tex; sample-base.bib,
S30,toan-etal-2025-bosch,Bosch@AI_Team at MMT 2025: Medical Machine Translation by Bidirectional Training with Small Language Models,"Toan, Phan Minh and Phi, Nguyen Xuan and Tai, Nguyen Van and Quang, Trang Minh and Thin, Dang Van",2025,Proceedings of the 11th International Workshop on Vietnamese Language and Speech Processing,archival_peer_reviewed,core,https://aclanthology.org/2025.vlsp-1.47/,,,not recorded,2026-05-31,manuscript_bibliography,figures/taxonomy_mapping.tex; sample-base.bib,
S31,nguyen-nguyen-2025-large,A Large-Scale Benchmark for Vietnamese Sentence Paraphrases,"Nguyen, Sang Quang and Nguyen, Kiet Van",2025,Findings of the Association for Computational Linguistics: NAACL 2025,archival_peer_reviewed,core,https://aclanthology.org/2025.findings-naacl.59/,10.18653/v1/2025.findings-naacl.59,https://doi.org/10.18653/v1/2025.findings-naacl.59,not recorded,2026-05-31,manuscript_bibliography,figures/taxonomy_mapping.tex; sample-base.bib,
S32,Vo2024GenerativePT,Generative Pre-Trained Transformer for Vietnamese Community-Based COVID-19 Question Answering,"Vo, Tam Minh and Tran, Khiem Vinh",2024,Creative Approaches Towards Development of Computing and Multidisciplinary IT Solutions for Society,archival_peer_reviewed,core,https://onlinelibrary.wiley.com/doi/10.1002/9781394272303.ch16,10.1002/9781394272303.ch16,https://doi.org/10.1002/9781394272303.ch16,not recorded,2026-05-31,manuscript_bibliography,figures/taxonomy_mapping.tex; sample-base.bib,
S33,tri-etal-2025-prescription-ner,Proposing Deep Learning Models for Vietnamese Medical Prescription Named Entity Recognition,"Tri, Dung Lai and Anh, Bang Nguyen and Hoang, Hiep Van and Nguyen, Phat Huu",2025,"2025 International Conference on Applied Artificial Intelligence, Data Engineering and Sciences (ICAIDES)",archival_peer_reviewed,core,https://doi.org/10.1109/ICAIDES67265.2025.11404008,10.1109/ICAIDES67265.2025.11404008,https://doi.org/10.1109/ICAIDES67265.2025.11404008,not recorded,2026-05-31,manuscript_bibliography,figures/taxonomy_mapping.tex; sample-base.bib,
