dataset,condition,category,count,denominator,rate_percent,rule
ViMQ_intent_classification,answer_only,invalid,0,4000,0.0,audit_icl.py:classify_record
ViMQ_intent_classification,answer_only,incorrect,867,4000,21.68,audit_icl.py:classify_record
ViMQ_intent_classification,explanation_request,invalid,6,4000,0.15,audit_icl.py:classify_record
ViMQ_intent_classification,explanation_request,incorrect,1035,3994,25.91,audit_icl.py:classify_record
ViMQ_intent_classification,pooled,invalid,6,8000,0.07,audit_icl.py:classify_record
ViMQ_intent_classification,pooled,incorrect,1902,7994,23.79,audit_icl.py:classify_record
ViMedNLI_ViMedNLI,answer_only,invalid,0,5688,0.0,audit_icl.py:classify_record
ViMedNLI_ViMedNLI,answer_only,incorrect,3876,5688,68.14,audit_icl.py:classify_record
ViMedNLI_ViMedNLI,explanation_request,invalid,0,5688,0.0,audit_icl.py:classify_record
ViMedNLI_ViMedNLI,explanation_request,incorrect,3843,5688,67.56,audit_icl.py:classify_record
ViMedNLI_ViMedNLI,pooled,invalid,0,11376,0.0,audit_icl.py:classify_record
ViMedNLI_ViMedNLI,pooled,incorrect,7719,11376,67.85,audit_icl.py:classify_record
VMHQA_Multiple_Choice_QA,answer_only,invalid,0,4028,0.0,audit_icl.py:classify_record
VMHQA_Multiple_Choice_QA,answer_only,partial_overlap,29,4028,0.72,audit_icl.py:classify_record
VMHQA_Multiple_Choice_QA,answer_only,zero_overlap,922,4028,22.89,audit_icl.py:classify_record
VMHQA_Multiple_Choice_QA,explanation_request,invalid,4,4028,0.1,audit_icl.py:classify_record
VMHQA_Multiple_Choice_QA,explanation_request,partial_overlap,10,4024,0.25,audit_icl.py:classify_record
VMHQA_Multiple_Choice_QA,explanation_request,zero_overlap,588,4024,14.61,audit_icl.py:classify_record
VMHQA_Multiple_Choice_QA,pooled,invalid,4,8056,0.05,audit_icl.py:classify_record
VMHQA_Multiple_Choice_QA,pooled,partial_overlap,39,8052,0.48,audit_icl.py:classify_record
VMHQA_Multiple_Choice_QA,pooled,zero_overlap,1510,8052,18.75,audit_icl.py:classify_record
PhoNER_COVID19_NER,answer_only,invalid,0,12000,0.0,audit_icl.py:classify_record
PhoNER_COVID19_NER,answer_only,missed_gold_entities,5789,45880,12.62,audit_icl.py:classify_record
PhoNER_COVID19_NER,answer_only,spurious_predicted_entities,11487,51578,22.27,audit_icl.py:classify_record
PhoNER_COVID19_NER,answer_only,boundary_overlap_mismatch,2989,4285,69.75,audit_icl.py:classify_record
PhoNER_COVID19_NER,explanation_request,invalid,0,12000,0.0,audit_icl.py:classify_record
PhoNER_COVID19_NER,explanation_request,missed_gold_entities,7332,45880,15.98,audit_icl.py:classify_record
PhoNER_COVID19_NER,explanation_request,spurious_predicted_entities,12453,51001,24.42,audit_icl.py:classify_record
PhoNER_COVID19_NER,explanation_request,boundary_overlap_mismatch,3576,5322,67.19,audit_icl.py:classify_record
PhoNER_COVID19_NER,pooled,invalid,0,24000,0.0,audit_icl.py:classify_record
PhoNER_COVID19_NER,pooled,missed_gold_entities,13121,91760,14.3,audit_icl.py:classify_record
PhoNER_COVID19_NER,pooled,spurious_predicted_entities,23940,102579,23.34,audit_icl.py:classify_record
PhoNER_COVID19_NER,pooled,boundary_overlap_mismatch,6565,9607,68.34,audit_icl.py:classify_record
ViMedNER_NER,answer_only,invalid,0,6100,0.0,audit_icl.py:classify_record
ViMedNER_NER,answer_only,missed_gold_entities,5410,14072,38.45,audit_icl.py:classify_record
ViMedNER_NER,answer_only,spurious_predicted_entities,10699,19361,55.26,audit_icl.py:classify_record
ViMedNER_NER,answer_only,boundary_overlap_mismatch,3136,5348,58.64,audit_icl.py:classify_record
ViMedNER_NER,explanation_request,invalid,0,6100,0.0,audit_icl.py:classify_record
ViMedNER_NER,explanation_request,missed_gold_entities,5473,14072,38.89,audit_icl.py:classify_record
ViMedNER_NER,explanation_request,spurious_predicted_entities,10506,19105,54.99,audit_icl.py:classify_record
ViMedNER_NER,explanation_request,boundary_overlap_mismatch,3133,5230,59.9,audit_icl.py:classify_record
ViMedNER_NER,pooled,invalid,0,12200,0.0,audit_icl.py:classify_record
ViMedNER_NER,pooled,missed_gold_entities,10883,28144,38.67,audit_icl.py:classify_record
ViMedNER_NER,pooled,spurious_predicted_entities,21205,38466,55.13,audit_icl.py:classify_record
ViMedNER_NER,pooled,boundary_overlap_mismatch,6269,10578,59.26,audit_icl.py:classify_record
vihealthbert_acrDrAid,answer_only,invalid,0,4520,0.0,audit_icl.py:classify_record
vihealthbert_acrDrAid,answer_only,incorrect,1946,4520,43.05,audit_icl.py:classify_record
vihealthbert_acrDrAid,explanation_request,invalid,0,4520,0.0,audit_icl.py:classify_record
vihealthbert_acrDrAid,explanation_request,incorrect,1968,4520,43.54,audit_icl.py:classify_record
vihealthbert_acrDrAid,pooled,invalid,0,9040,0.0,audit_icl.py:classify_record
vihealthbert_acrDrAid,pooled,incorrect,3914,9040,43.3,audit_icl.py:classify_record
ViNewsQA_Extractive_QA,answer_only,invalid,34,31872,0.11,audit_icl.py:classify_record
ViNewsQA_Extractive_QA,answer_only,partial_overlap,24436,31838,76.75,audit_icl.py:classify_record
ViNewsQA_Extractive_QA,answer_only,zero_overlap,346,31838,1.09,audit_icl.py:classify_record
ViNewsQA_Extractive_QA,explanation_request,invalid,43,31872,0.13,audit_icl.py:classify_record
ViNewsQA_Extractive_QA,explanation_request,partial_overlap,22933,31829,72.05,audit_icl.py:classify_record
ViNewsQA_Extractive_QA,explanation_request,zero_overlap,388,31829,1.22,audit_icl.py:classify_record
ViNewsQA_Extractive_QA,pooled,invalid,77,63744,0.12,audit_icl.py:classify_record
ViNewsQA_Extractive_QA,pooled,partial_overlap,47369,63667,74.4,audit_icl.py:classify_record
ViNewsQA_Extractive_QA,pooled,zero_overlap,734,63667,1.15,audit_icl.py:classify_record
UIT-ViCoV19QA_QA,answer_only,invalid,0,3276,0.0,audit_icl.py:classify_record
UIT-ViCoV19QA_QA,answer_only,low_rouge,3079,3276,93.99,audit_icl.py:classify_record
UIT-ViCoV19QA_QA,explanation_request,invalid,0,3276,0.0,audit_icl.py:classify_record
UIT-ViCoV19QA_QA,explanation_request,low_rouge,3085,3276,94.17,audit_icl.py:classify_record
UIT-ViCoV19QA_QA,pooled,invalid,0,6552,0.0,audit_icl.py:classify_record
UIT-ViCoV19QA_QA,pooled,low_rouge,6164,6552,94.08,audit_icl.py:classify_record
ViMedAQA_Abstract_QA,answer_only,invalid,1,8868,0.01,audit_icl.py:classify_record
ViMedAQA_Abstract_QA,answer_only,low_rouge,1274,8867,14.37,audit_icl.py:classify_record
ViMedAQA_Abstract_QA,explanation_request,invalid,2,8868,0.02,audit_icl.py:classify_record
ViMedAQA_Abstract_QA,explanation_request,low_rouge,1500,8866,16.92,audit_icl.py:classify_record
ViMedAQA_Abstract_QA,pooled,invalid,3,17736,0.02,audit_icl.py:classify_record
ViMedAQA_Abstract_QA,pooled,low_rouge,2774,17733,15.64,audit_icl.py:classify_record
vihealthbert_Summarization,answer_only,invalid,0,5320,0.0,audit_icl.py:classify_record
vihealthbert_Summarization,answer_only,low_rouge,1802,5320,33.87,audit_icl.py:classify_record
vihealthbert_Summarization,explanation_request,invalid,0,5320,0.0,audit_icl.py:classify_record
vihealthbert_Summarization,explanation_request,low_rouge,1927,5320,36.22,audit_icl.py:classify_record
vihealthbert_Summarization,pooled,invalid,0,10640,0.0,audit_icl.py:classify_record
vihealthbert_Summarization,pooled,low_rouge,3729,10640,35.05,audit_icl.py:classify_record
