dataset,archive,run_config,metrics,predictions,run_config_sha256,metrics_sha256,predictions_sha256,n_test,base_model,use_4bit,bf16,epochs,seed,train_batch,gradient_accumulation,learning_rate,lora_r,lora_alpha,lora_dropout,max_val_samples,table_metrics
PhoNER_COVID19_NER,results_1.zip,PhoNER_COVID19_NER/run_config.json,PhoNER_COVID19_NER/metrics.json,PhoNER_COVID19_NER/predictions.jsonl,f84fabea1149103312f561b80ff25472a187e8904cc953a50d3696e3f1d806ea,5e9bb315a5805ddb809037f0d2e1582d991b37d5e3ba131f3225a63051b48e0c,9ca81046db58f753536966140273275953fa252d426b63a1e86e30be6c2899a5,3000,unsloth/Meta-Llama-3.1-8B-Instruct,False,True,3.0,42,16,1,0.0002,16,32,0.05,1000,"{""entity_micro_f1"": 95.28, ""entity_macro_f1"": 94.2}"
ViMedNER_NER,results_1.zip,ViMedNER_NER/run_config.json,ViMedNER_NER/metrics.json,ViMedNER_NER/predictions.jsonl,827cca0357e21c58f42d18bd68e3c0d3b9da1ed6d4165a73599dc7df86c799ab,72cbc7ca3dafbdce149e3d44ab3b64c54bc697748fc85bebeaa423298df35643,a3a183c95266d8197e222ed7ce3e7f95ce0b16da7b101a811d9c175492af31ff,1525,unsloth/Meta-Llama-3.1-8B-Instruct,False,True,3.0,42,16,1,0.0002,16,32,0.05,1000,"{""entity_micro_f1"": 71.77, ""entity_macro_f1"": 72.36}"
ViMQ_intent_classification,results_1.zip,ViMQ_intent_classification/run_config.json,ViMQ_intent_classification/metrics.json,ViMQ_intent_classification/predictions.jsonl,26d170c71a7453281d3c6cb1dab439d63971bc5ae83d1157d9852703fb6ed2fa,13b16dc09c60e5780adcb5b7293c7bd762215cd66d66fc154d1f788653ce411f,c22f3ec434f13159bbf2ad7a2c1704736271012e931f281e504ce6f1ff895e51,1000,unsloth/Meta-Llama-3.1-8B-Instruct,False,True,3.0,42,16,1,0.0002,16,32,0.05,1000,"{""micro_f1"": 90.1, ""macro_f1"": 90.88}"
ViMedNLI_ViMedNLI,results_1.zip,ViMedNLI_ViMedNLI/run_config.json,ViMedNLI_ViMedNLI/metrics.json,ViMedNLI_ViMedNLI/predictions.jsonl,c23acd1049704e9df57319cfaf5ec95d04713a7ca7fea2f40c322af4078d9f05,2a316931cca53c259741fec7302e047f1b799964a70f909ef3440821b7759e19,3c75ce55dd7bfdd24bdefa2236c5f8f3177ccbcb8c913e704b34373b91f59e57,1422,unsloth/Meta-Llama-3.1-8B-Instruct,False,True,3.0,42,16,1,0.0002,16,32,0.05,1000,"{""accuracy"": 83.47}"
vihealthbert_acrDrAid,results_1.zip,vihealthbert_acrDrAid/run_config.json,vihealthbert_acrDrAid/metrics.json,vihealthbert_acrDrAid/predictions.jsonl,f674fe717668f5fd61a70462b605215f2ce409d27f1590fe48262d18c293594a,758711be81239b1fc0d1d63783ddc37016937b632f9d87ec5a58bd186c64fc7c,1571c83f20a17d75099b18f132455184f12cc6cff6f6506840c0150b39c362a2,1130,unsloth/Meta-Llama-3.1-8B-Instruct,False,True,3.0,42,16,1,0.0002,16,32,0.05,1000,"{""macro_f1"": 65.6}"
VMHQA_Multiple_Choice_QA,results_1.zip,VMHQA_Multiple_Choice_QA/run_config.json,VMHQA_Multiple_Choice_QA/metrics.json,VMHQA_Multiple_Choice_QA/predictions.jsonl,0b296ea260314484440df5a01738307ba53f9ffafc605d214e03ae58f813a491,6e04701bb0ea8e5c2683857175528cb513f225df04489a32186ece44f368b310,bd277c320672bf1da7977198988a666a3b2c1395d012c47a82f393eb209e9884,1007,unsloth/Meta-Llama-3.1-8B-Instruct,False,True,3.0,42,16,1,0.0002,16,32,0.05,1000,"{""accuracy"": 97.02}"
ViNewsQA_Extractive_QA,results_1.zip,ViNewsQA_Extractive_QA/run_config.json,ViNewsQA_Extractive_QA/metrics.json,ViNewsQA_Extractive_QA/predictions.jsonl,1878e1f13386a44100246abcd44301c1fa10aaa50ea99afe40d3e58201c10845,dfccf794f46b8575deaa5c0b83bf429fb156ab02f237498a7be1205143681463,d3efbbaa3729bafd5e86d2bc517668de56313d8bea7eccd212353f83a9dd4a29,7968,unsloth/Meta-Llama-3.1-8B-Instruct,False,True,3.0,42,16,1,0.0002,16,32,0.05,1000,"{""squad_em"": 49.65, ""squad_f1"": 83.98}"
UIT-ViCoV19QA_QA,results_2.zip,UIT-ViCoV19QA_QA/run_config.json,UIT-ViCoV19QA_QA/metrics.json,UIT-ViCoV19QA_QA/predictions.jsonl,8c821cdc2625ae7306a14643bdf358cd9509cf2966950db373ffabccd14d8deb,68d63e33fed8da1ecea9bcc09b81f3d8e542c49e5863f4d460a97bed9df0ee93,b3b2b72515e669297c0f9b535f270efabdd84769dc81c6cd5d821efc59287692,819,unsloth/Meta-Llama-3.1-8B-Instruct,False,True,3.0,42,16,1,0.0002,16,32,0.05,1000,"{""rougeL"": 20.73, ""bertscore_f1"": 72.48}"
ViMedAQA_Abstract_QA,results_2.zip,ViMedAQA_Abstract_QA/run_config.json,ViMedAQA_Abstract_QA/metrics.json,ViMedAQA_Abstract_QA/predictions.jsonl,0d19d0260b5713e20dae6ca99add19d7c610adf4fba7d5e807ce268c38e6db5a,8db1dcd0512f5fc99a3cd5b1740fa21dba01c9ac3b8fce436a4fccc345b983d4,c5ff9cf57838af4e78fae562df978e749f1312455e5a5e9bed3da3916deca785,2217,unsloth/Meta-Llama-3.1-8B-Instruct,False,True,2.0,42,16,1,0.0002,16,32,0.05,1000,"{""rougeL"": 67.16, ""bertscore_f1"": 89.84}"
vihealthbert_Summarization,results_2.zip,vihealthbert_Summarization/run_config.json,vihealthbert_Summarization/metrics.json,vihealthbert_Summarization/predictions.jsonl,1c2678373707da855883abeb4c8d79f638796cc9c773f54d8ecbc7fea14a44be,91ab884793a23e99cf23d66c5b087233974cbfa663d2bf7bfad5eee8338a1561,c1fb2ce877875a36fe6d5842c9af1906b45ad613890e45057bfa0f7fe336d69b,1330,unsloth/Meta-Llama-3.1-8B-Instruct,False,True,3.0,42,16,1,0.0002,16,32,0.05,1000,"{""rougeL"": 52.11, ""bertscore_f1"": 85.58}"
